,Model_Name,CV_ROC_AUC,CV_STD,Holdout_ROC_AUC
4,XGBClassifier,0.9980944487591179,5.430702646212496e-05,0.9980735771458068
1,RandomForestClassifier,0.9975356262504746,8.971915417330445e-05,0.9976936637951797
3,KNeighborsClassifier,0.9840171745168386,0.00030783653932041165,0.984087950857241
2,DecisionTreeClassifier,0.9832239505955063,0.00040768511236015874,0.9824958506085082
0,LogisticRegression,0.9724260663297185,0.00041950887907283956,0.9725066625363231
