,Model_Name,CV_ROC_AUC,CV_STD,Holdout_ROC_AUC
0,XGBoost,0.9980944487591179,5.430702646212496e-05,0.9980735771458068
1,Logistic Regression,0.9724260663297185,0.00041950887907283956,0.9725066625363231
