,Model_Name,CV_ROC_AUC,CV_STD,Holdout_ROC_AUC
4,XGBClassifier,0.9980944487591179,5.430702646212496e-05,0.9980735771458068
1,RandomForestClassifier,0.9974701500973724,8.512111454538738e-05,0.9976572285330509
3,KNeighborsClassifier,0.9840171745168386,0.00030783653932041165,0.984087950857241
2,DecisionTreeClassifier,0.9832085077225869,0.0002912879965038087,0.9827653953071885
0,LogisticRegression,0.9724260663297185,0.00041950887907283956,0.9725066625363231
